Program Title,Program Number
Avian Influenza Indemnity Program,10.029
Direct and Counter-cyclical Payments Program,10.055
Livestock Assistance Program,10.066
Colorado River Basin Salinity Control Program,10.070
Crop Disaster Program,10.073
Commodity Credit Corporation Audit of Financial Statements,10.074
Livestock Compensation Program,10.077
Bioenergy Program,10.078
Bill Emerson Humanitarian Trust,10.079
Milk Income Loss Contract Program,10.080
Lamb Meat Adjustment Assistance Program,10.081
Tree Assistance Program,10.082
Dairy Market Loss Assistance Program,10.084
Tobacco Transition Payment Program,10.085
Aquaculture Grants Program (AGP),10.086
Livestock Indemnity Program,10.088
Supplemental Revenue Assistance Program,10.090
"Emergency Assistance for Livestock, Honeybees, and Farm-Raised Fish Program",10.091
Tree Assistance Program,10.092
Durum Wheat Quality Program,10.095
Hawaii Sugar Disaster Program,10.101
2009 Aquaculture Grant Program,10.103
Poultry Loss Contract Grant Assistance Program,10.104
"Disaster Relief Appropriations Act, Emergency Conservation Program",10.105
"Disaster Relief Appropriations Act, Emergency Forest Restoration Program",10.106
Cotton Transition Assistance Program,10.114
Dairy Product Donation,10.115
Biofuel Infrastructure Partnership,10.117
Cotton Ginning Cost Share Program,10.118
Dairy Assistance Program for Puerto Rico,10.119
Conservation Reserve Program Forest Inventory Analysis Pilot Program,10.122
Farm-to-Fleet Feedstock Program Biofuel Production Incentive,10.124
American Rescue Plan Act of 2021 Loan Payment,10.136
Pandemic Assistance for Timber Harvesters and Haulers (PATHH) Program,10.137
Pandemic Livestock Indemnity Program,10.138
Dairy Product Price Support Program,10.141
Pandemic Assistance Block Grant,10.145
Cotton and Wool Apparel Program,10.149
Farmers Market Promotion Program,10.168
Specialty Crop Block Grant Program,10.169
Local Food Promotion Program,10.172
Trade Mitigation Program Eligible Recipient Agency Operational Funds,10.178
Pandemic Market Volatility Assistance Program (PMVAP),10.183
Grants for Agricultural Research_Competitive Research Grants,10.206
"Fund for Rural America_Research, Education, and Extension Activities",10.224
Agriculture Business Innovation Center at HBCU,10.231
WIC Workforce – WebNEERS Evaluation System Platform,10.242
Program of Research on the Economic of Invasive Species Management (PREISM),10.254
Consumer Data and Information Program,10.256
Biodiesel,10.306
New ERA Rural Technology Competitive Grants Program,10.314
Trade Adjustment Assistance for Farmers Training Coordination Program (TAAF),10.315
Healthy Urban Food Enterprise Development Center (HUFED),10.316
Food Aid Nutrition Enhancement Program,10.317
Afghanistan Agricultural Extension Project (AAEP),10.324
People’s Garden Grant Program,10.325
Common Bean Productivity Research for Global Food Security Competitive Program,10.327
Rural Energy Pilot Program Grant,10.379
Interest Assistance Program,10.437
Technical and Supervisory Assistance Grants,10.441
Housing Application Packaging Grants,10.442
Direct Housing_Natural Disaster,10.445
Disaster Reserve Assistance,10.452
Dairy Options Pilot Program,10.454
Community Outreach and Assistance Partnership Program,10.455
Partnership Agreements to Develop Non-Insurance Risk Management Tools for Producers (Farmers),10.456
Commodity Partnerships for Risk Management Education,10.457
Crop Insurance Education in Targeted States,10.458
Commodity Partnerships for Small Agricultural Risk Management Education Sessions,10.459
Pandemic Cover Crop Program,10.461
Transitional and Organic Grower Assistance Program,10.462
Farmworker Training Grant Program,10.465
USDA WIC Telehealth Evaluation Collaborative,10.528
CACFP Meal Service Training Grants,10.534
CACFP Training Grants,10.536
Mobile Technology for Child Nutrition Innovation Laboratory,10.538
Pandemic EBT Food Benefits,10.542
Healthier US School Challenge: Smarter Lunchrooms,10.543
Healthy Body Healthy Spirit,10.544
Supplemental Nutrition Assistance Program (SNAP) Recipient Integrity Information Technology Grants,10.546
Professional Standards for School Nutrition Employees,10.547
Rural Child Poverty Nutrition Center,10.549
Hunger Free Communities,10.583
SNAP Research Grants,10.584
"Special Supplemental Nutrition Program for Women, Infants and Children; Nutrition Education Innovations",10.586
Assessment of Alternatives to Face-to-Face Interviews in SNAP,10.588
Child Nutrition Direct Certification Performance Awards,10.589
Disaster Relief Appropriations Act - Emergency Food Assistance Program (Administrative Costs),10.590
Disaster Relief Appropriations Act—Emergency Food Assistance Program (Commodities),10.591
"Healthy, Hunger-Free Kids Act of 2010 Childhood Hunger Research and Demonstration Projects",10.592
Farm to School Training and Technical Assistance,10.595
Pilot Projects to Reduce Dependency and Increase Work Requirements and Work Effort under SNAP,10.596
School Wellness Policy Cooperative Agreement,10.597
Supplemental Nutrition Assistance Program (SNAP) Recipient Trafficking Prevention Grants,10.598
South Carolina SNAP Recipient Trafficking Prosecution Pilot,10.599
CCC's Dairy Export Incentive Program,10.602
Section 416(b),10.607
Trade Adjustment Assistance,10.609
Scientific Cooperation Exchange Program with China,10.614
Food for Opportunity,10.622
Pandemic EBT Administrative Costs,10.649
National Forest_Dependent Rural Communities,10.670
Southeast Alaska Economic Disaster Fund,10.671
"Rural Development, Forestry, and Communities",10.672
Forest Land Enhancement Program,10.677
Community Wood Energy Program,10.685
Forest Biomass for Energy,10.686
Recovery Act of 2009: Capital Improvement and Maintenance,10.687
Recovery Act of 2009: Wildland Fire Management,10.688
Disaster Relief Appropriations Act for Emergency Forest Restoration Program (EFRP),10.692
Eastern Nevada Landscape Restoration Project (ENLRP),10.695
Forest Service Reverse 911 Grant Program,10.722
Forest and Grassland Collaboratives,10.737
Rural Business Enterprise Grants,10.769
Empowerment Zones Program,10.772
Rural Business Opportunity Grants,10.773
National Sheep Industry Improvement Center,10.774
Renewable Energy Systems and Energy Efficiency Improvements Program,10.775
Borlaug Executive Leadership Program,10.776
Research on the Economic Impact of Cooperatives,10.778
Community Facilities Loans and Grants,10.780
Water and Waste Disposal Systems for Rural Communities - ARRA,10.781
Rural Business Enterprise Grants - ARRA,10.783
Broadband Initiatives Program,10.787
Very Low to Moderate Income Housing Loans - Direct,10.788
Very Low to Moderate Income Housing Loans - Guaranteed,10.789
1890 Land Grant Institutions Rural Entrepreneurial Outreach Program,10.856
State Bulk Fuel Revolving Fund Grants,10.857
Public Television Station Digital Transition Grant Program,10.861
Repowering Assistance,10.866
Building the Capacity of Faith and Community-Based Organizations,10.889
Resource Conservation and Development,10.901
Watershed Surveys and Planning,10.906
Rural Abandoned Mine Program,10.910
Ground and Surface Water Conservation_ Environmental Quality Incentives Program,10.918
Klamath Basin _ Environmental Quality Incentives Program,10.919
Conservation Security Program,10.921
Agricultural Water Enhancement Program,10.925
Chesapeake Bay Watershed Program,10.926
Commodity Container Assistance Program,10.966
DSA COVID Relief Program,10.974
Emergency Relief Program Outreach Education and Technical Assistance,10.975
Commodity Storage Assistance Program,10.981
Peanut Quota Buyout Program,10.994
Hard White Wheat Incentive Program,10.995
"Long Term Standing Agreements for Storage, Transportation, and Lease",10.998
"Long Term Standing Agreements For Storage, Transportation And Lease",10.999
Census Bureau Data Products,11.001
Census Customer Services,11.002
Census Geography,11.003
Census Intergovernmental Services,11.004
Census Special Tabulations and Services,11.005
Personal Census Search,11.006
TV Converter Box Coupon Program Consumer Education and Technical Assistance,11.009
Community Trade Adjustment Assistance,11.010
Education Quality Award Ambassadorship,11.013
Band 14 Incumbent Spectrum Relocation,11.014
Minority Business Resource Development,11.018
State Alternative Plan Program,11.019
Cluster Grants,11.020
Bipartisan Budget Act of 2018,11.022
Measures and Analyses of the U.S. Economy,11.025
"STAT-USA: Key Business, Economic, and International Trade Information",11.026
Science and Research Park Development Grants,11.030
U.S. and Foreign Commercial Service Pilot Fellowship Program,11.041
Remedies for Unfair Foreign Trade Practices_Antidumping and Countervailing Duty Investigations,11.106
Commercial Service,11.108
Industry and Analysis,11.110
Foreign-Trade Zones in the United States,11.111
ITA Special Projects,11.113
Export Licensing Service and Information,11.150
Financial Assistance for National Centers for Coastal Ocean Science,11.426
Undersea Research,11.430
Short Term Climate Fluctuations,11.443
Hawaii Sustainable Fisheries Development (Aquaculture Program),11.444
Hawaii Stock Management Program,11.445
Independent Education and Science Projects and Programs,11.449
Automated Flood Warning Systems (AFWS),11.450
Special Oceanic and Atmospheric Projects,11.460
Hydrologic Research,11.462
National Ocean Service Intern Program,11.480
State and Local Implementation Grant Program,11.549
Public Telecommunications Facilities Planning and Construction,11.550
Low-Power Television and Translator Digital-to-Analog Conversion,11.554
Public Safety Interoperable Communications Grant Program,11.555
TV Converter Box Coupon Program,11.556
Broadband Technology Opportunities Program (BTOP),11.557
State Broadband Data and Development Grant Program,11.558
Low-Power Television and Translator Upgrade Program,11.559
National Standard Reference Data System,11.603
Standard Reference Materials,11.604
Standards Information Center,11.610
Advanced Technology Program,11.612
Technology Innovation Program (TIP),11.616
National Institute of Standards and Technology Construction Grant Program,11.618
National Technical Information Service,11.650
Internship Program for Postsecondary Students,11.702
Minority Business Enterprise Centers,11.800
Native American Business Enterprise Centers,11.801
Minority Business Opportunity Center (MBOC),11.803
Patent and Trademark Technical Information Dissemination,11.900
Fort Huachuca Sentinel Landscapes for Military Training,12.004
National Guard Military Construction 12.400,12.009
DOD HIV/AIDS Prevention Program,12.011
Defense Civilian Training Corps (DCTC) - Scholarship/Internship,12.013
OnRampII,12.014
"Science, Technology, Engineering, and Mathematics (STEM) Educational Outreach Programs Grant",12.018
Dissertation Year Fellowship,12.028
Aquatic Plant Control,12.100
Beach Erosion Control Projects,12.101
Emergency Rehabilitation of Flood Control Works or Federally Authorized Coastal Protection Works,12.102
Emergency Operations Flood Response and Post Flood Response,12.103
Flood Plain Management Services,12.104
"Protection of Essential Highways, Highway Bridge Approaches, and Public Works",12.105
Flood Control Projects,12.106
Navigation Projects,12.107
Snagging and Clearing for Flood Control,12.108
"Protection, Clearing and Straightening Channels",12.109
Planning Assistance to States,12.110
Emergency Advance Measures for Flood Prevention,12.111
Payments to States in Lieu of Real Estate Taxes,12.112
"ARRA Cooperative Agreements, New Mexico",12.117
North Dakota Environmental Infrastructure (Section 594) - ARRA,12.118
Northern Wisconsin Environmental Infrastructure (Section 154) - ARRA,12.119
Northeastern Minnesota  Environmental Infrastructure (Section 569) - ARRA,12.120
"Montana, Nevada, New Mexico, Utah, Idaho, & Wyoming Environmental Infrastructure (Section 595) - ARRA",12.121
"Title VI - Cheyenne River Sioux Tribe, Lower Brule Sioux Tribe, and Terrestrial Wildlife Habitat Restoration, South Dakota - ARRA",12.122
South Central Pennsylvania Envrionmental Infrastructure (Section 313) - ARRA,12.123
Mississippi Environmental Infrastructure (Section 592) - ARRA,12.124
Southern WV Environmental Infrastructure (Section 340) - ARRA,12.125
Central WV Environmental Infrastructure (Section 571) - ARRA,12.126
Southern and Eastern KY Environmental Infrastructure (Section 531) - ARRA,12.127
Florida Keys Water Quality Improvement Program (Section 109) - ARRA,12.128
"Title VI - Cheyenne River Sioux Tribe, Lower Brule Sioux Tribe, and Terrestrial Wildlife Habitat Restoration, South Dakota",12.129
Estuary Habitat Restoration Program,12.130
Electronic Absentee Systems for Elections,12.217
FVAP Policy Clearinghouse,12.218
Scientific Research - Combating Weapons of Mass Destruction,12.352
Fort Huachuca Environmental Training,12.450
The Language Flagship Fellowships,12.553
English for Heritage Language Speakers Scholarships,12.555
Invitational Grants for Military-Connected Schools,12.557
Community Partners in Suicide Prevention,12.561
Office for Reintegration Programs,12.582
Task Force for Business & Stability Operations,12.597
Centers for Academic Excellence,12.598
Community Economic Adjustment Assistance for Reductions in Defense Spending,12.604
Community Economic Adjustment Assistance for Reductions in Defense Industry Employment,12.611
Research and Technical Assistance,12.615
Troops to Teachers Grant Program,12.620
Donations/Loans of Obsolete DOD Property,12.700
OPA Research Fellowship Program,12.888
Language Grant Program,12.900
Transformation Initiative: Choice Neighborhoods Demonstration Small Research Grant Program,14.008
Self-Help Homeownership Opportunity Program,14.009
Section 4 Capacity Building for Community Development and Affordable Housing,14.010
Rural Capacity Building for Community Development and Affordable Housing Grants,14.011
Rural Housing and Economic Development,14.012
Delta Community Capital Initiative (DCCI),14.013
Appalachia Economic Development Initiative,14.014
Veterans Housing Rehabilitation and Modification Pilot Program,14.015
Border Community Capital Initiative,14.016
Interest Reduction Payments Rental and Cooperative Housing for Lower Income Families,14.103
Mortgage Insurance for Construction or Substantial Rehabilitation of Condominium Projects,14.112
"Mortgage Insurance Housing in Older, Declining Areas",14.123
Mortgage Insurance_Manufactured Home Parks,14.127
Rent Supplements Rental Housing for Lower Income Families,14.149
Section 245 Graduated Payment Mortgage Program,14.159
Mortgage Insurance_Single Family Cooperative Housing,14.163
Operating Assistance for Troubled Multifamily Housing Projects,14.164
"Mortgage Insurance_Two Year Operating Loss Loans, Section 223(d)",14.167
Land Sales-Certain Subdivided Land (Interstate Land Sales Registration) and Real Estate Settlement Procedures Act,14.168
Mortgage Insurance_Growing Equity Mortgages,14.172
Adjustable Rate Mortgages,14.175
Mortgages Insurance for Single Room Occupancy (SRO) Projects,14.184
Qualified Participating Entities (QPE) Risk Sharing,14.189
Multifamily Assisted Housing Reform and Affordability Act,14.197
Multifamily Property Disposition,14.199
Community Development Block Grants/Technical Assistance Program,14.227
Supportive Housing Program,14.235
Shelter Plus Care,14.238
Renewal Community and Empowerment Zone Programs,14.244
Community Development Block Grant ARRA Entitlement Grants (CDBG-R)(Recovery Act Funded),14.253
Community Development Block Grants/Special Purpose Grants/Insular Areas – (Recovery Act Funded),14.254
Community Development Block Grants/State's program and Non-Entitlement Grants in Hawaii – (Recovery Act Funded),14.255
Homelessness Prevention and Rapid Re-Housing Program (Recovery Act Funded),14.257
Tax Credit Assistance Program (Recovery Act Funded),14.258
Veterans Homelessness Prevention Demonstration Program,14.260
Homeless Prevention and Rapid Re-Housing Program Technical Assistance,14.262
Rural Innovation Fund,14.263
Neighborhood Stabilization Program,14.264
Border Community Capital Initiative,14.266
Rural Housing Stability Assistance Program,14.268
Appalachia Economic Development Initiative,14.270
Delta Community Capital Initiative,14.271
Pay for Success Permanent Supportive Housing Demonstration,14.273
Specialized Housing and Services for Victims of Human Trafficking,14.279
Assisted Living Conversion for Eligible Multifamily Housing Projects,14.314
Emergency Capital Repair Grants for Multifamily Housing Projects Designated for Occupancy,14.315
Section 8 Housing Assistance Payments Program Special Allocations (Recovery Act Funded),14.317
Assisted Housing Stability and Energy and Green Retrofit Investments Program (Recovery Act Funded),14.318
Multifamily Energy Innovation Fund,14.319
FHA Technical Assistance Training – Transformation Initiative,14.321
Emergency Homeowners’ Loan Program,14.323
FHA Power Saver Home Energy Improvement Pilot Program,14.324
HUD Multifamily PFS pilot,14.329
Equal Opportunity in Housing,14.400
Non-Discrimination in Federally-Assisted Programs (On the Basis of Age),14.402
Non-Discrimination in Federally Assisted and Conducted Programs (On the Basis of Disability),14.404
"Non-Discrimination in Federally Assisted Programs (On the Basis of Race, Color, or National Origin)",14.405
"Non-Discrimination in the Community Development Block Grant Program (On the Basis of Race, Color, National Origin, Religion, or Sex)",14.406
Architectural Barriers Act Enforcement,14.407
Fair Housing Initiatives Program,14.408
Employment Opportunities for Lower Income Persons and Businesses,14.412
Non-Discrimination on the Basis of Disability by Public Entities,14.414
Non-Discrimination on the Basis of Sex in Education Programs and Activities Receiving Federal Financial Assistance,14.415
Section 3 Coordination and Implementation,14.419
Fair Housing Initiatives Program Enforcement Testing Technical Assistance,14.420
Limited English Proficiency Initiative,14.421
Hispanic-Serving Institutions Assisting Communities,14.514
Alaska Native/Native Hawaiian Institutions Assisting Communities,14.515
Doctoral Dissertation Research Grants,14.516
Early Doctoral Student Research Grants,14.517
Tribal Colleges and Universities Program,14.519
Historically Black Colleges and Universities Program,14.520
Transformation Initiative Research Grants: Sustainable Community Research Grant Program,14.523
Transformation Initiative Research Grants: Natural Experiments,14.524
Transformation Initiative Research Grants: Demonstration and Related Small Grants,14.525
Fellowship Placement Pilot Program,14.529
Strong Cities Strong Communities (SC2) National Resource Network,14.534
Transformation Initiative: Rental Assistance Demonstration Small Research Grant Program,14.535
Sustainable Communities Regional Planning Grant Program,14.703
Community Challenge Planning Grants and the Department of Transportation's TIGER II Planning Grants,14.704
Capacity Building for Sustainable Communities,14.705
Public Housing Neighborhood Networks Grants,14.875
Resident Opportunity and Supportive Services - Elderly and Persons with Disabilities,14.876
Public Housing Family Self-Sufficiency under Resident Opportunity and Supportive Services,14.877
Native American Housing Block Grants (Formula) Recovery Act Funded,14.882
Native Hawaiian Housing Block Grants (Recovery Act Funded),14.883
Public Housing Capital Fund Competitive (Recovery Act Funded),14.884
Public Housing Capital Fund Stimulus (Formula) Recovery Act Funded,14.885
Indian Community Development Block Grant Program  (Recovery Act Funded),14.886
Native American Housing Block Grants (Competitive) Recovery Act Funded,14.887
Capital Fund Education and Training Community Facilities,14.890
Public and Indian Housing Transformation Initiative (TI) Technical Assistance (TA),14.891
Office of Native American Programs Training and Technical Assistance for Native Hawaiian Housing Block Grant Program,14.894
Juvenile Reentry Assistance Program Juvenile Reentry Assistance Program (JRAP),14.897
ROSS Supportive Services Programs,14.898
Operation Lead Elimination Action Program,14.903
Lead Outreach Grants,14.904
Lead-Based Paint Hazard Control in Privately-Owned Housing (Recovery Act  Funded),14.907
Healthy Homes Demonstration Grants (Recovery Act Funded),14.908
Lead Hazard Reduction Demonstration Grant Program (Recovery Act Funded),14.909
Healthy Homes Technical Studies Grants (Recovery Act Funded),14.910
Green and Healthy Housing Technical Studies Grants,14.911
Assistance for Indian Children with Severe Disabilities,15.045
Alaskan Indian Allotments and Subsistence Preference_Alaska National Interest Lands Conservation Act,15.055
Structural Fire Protection_Bureau of Indian Affairs Facilities,15.064
Stewardship of Natural and Cultural Resources in Offshore Energy and Mineral Activities,15.080
Indian Loans Economic Development,15.124
Ironworker Training,15.146
Tribal Courts Trust Reform Initiative,15.147
Land Buy-Back For Tribal Nations,15.152
Hurricane Sandy Disaster Relief – Coastal Resiliency Grants.,15.153
21st Century Conservation Service Corps,15.154
DOI National Fire Plan,15.158
Payments in Lieu of Taxes,15.226
Distribution of Receipts to State and Local Governments,15.227
"Fish, Wildlife and Plant Conservation Resource Management",15.231
Challenge Cost Share,15.238
Helium Resource Management,15.240
BLM Rural Fire Assistance,15.242
Passive Treatment Protection Program (PTPP),15.256
Joint Abandoned Mine Land Reclamation Economic Development Pilot,15.260
Louisiana State University (LSU) Coastal Marine Institute  (CMI),15.422
Offshore Research Technology Center (OTRC) Texas Engineering Experiment Station (TEES),15.425
Coastal Impact Assistance Program (CIAP),15.426
Marine Gas Hydrate Research Activities,15.428
Dutch John Federal Property and Disposition  Assistance Act,15.513
Federal Resource Protection,15.515
Perkins County Rural Water System,15.523
"San Luis Unit, Central Valley",15.527
St. Mary Storage Unit Facilities Rehabilitation Project,15.528
"Miscellaneous Public Law 93-638 Contracts, Grants, and Cooperative Agreements",15.534
Deschutes River Conservancy (DRC),15.536
Middle Rio Grande Endangered Species Collaborative,15.537
"Bunker Hill Groundwater Basin, Riverside-Corona Feeder",15.545
San Jacinto Basin Restoration Fund,15.547
Reclamation Rural Water Supply,15.548
Integrated Regional Water Plan for the Central Valley of California,15.549
Madera Water Supply Enhancement,15.551
Savage Rapids Pumping Plant,15.561
Dixie Valley Water Export Study,15.562
Colorado River Pilot System Conservation,15.568
Temperature Control Devices at Folsom Dam,15.573
Lower Colorado River Basin Conservation and Efficiency Program,15.575
Conservation Law Enforcement Training Assistance,15.602
Wildlife Conservation and Restoration,15.625
Conservation Grants Private Stewardship for Imperiled Species,15.632
Landowner Incentive,15.633
Tribal Landowner Incentive Program,15.638
Wildlife Without Borders-Mexico,15.641
Challenge Cost Share,15.642
Federal Junior Duck Stamp Conservation and Design,15.644
Service Training and Technical Assistance (Generic Training),15.649
Research Grants (Generic),15.650
"Recovery Act Funds - Habitat Enhancement, Restoration and Improvement.",15.656
National Wildlife Refuge Fund,15.659
Coastal Impact Assistance,15.668
Wildlife Without Borders – Amphibians in Decline,15.672
Wildlife Without Borders – Critically Endangered Animal Conservation Fund,15.673
National Fire Plan- Rural Fire Assistance,15.675
National Spatial Data Infrastructure Cooperative Agreements,15.809
Gap Analysis,15.811
Cooperative Research Units Training Program,15.813
Minerals Resources External Research,15.816
Energy Cooperatives to Support the National Energy Resources Data System,15.819
Upper Mississippi River System Navigation and Ecosystem Sustainability Program,15.840
Indian Arts and Crafts Development,15.850
Experienced Services,15.876
National Historic Landmark,15.912
National Register of Historic Places,15.914
Technical Preservation Services,15.915
"Disposal of Federal Surplus Real Property for Parks, Recreation, and Historic Monuments",15.918
Hydropower Recreation Assistance,15.927
Abandoned Mine Hazard Mitigation,15.934
Shenandoah Valley Battlefields National Historic District Battlefield Acquisition and Protection,15.936
Redwood National Park Cooperative Management with the State of California,15.937
New Bedford Whaling National Historic Park Cooperative Management,15.940
Environmental Outreach and Conservation - North Cascades,15.942
Boston Harbor Islands Partnership,15.947
National Fire Plan - Rural Fire Assistance,15.949
Tribal Technical  Colleges,15.960
Federal Historic Preservation Tax Incentive,15.961
Hurricane Sandy,15.979
Radium Remediation at Land-Grant Universities,15.982
"Alcohol, Tobacco, and Firearms_Training Assistance",16.012
Violence Against Women Act Court Training and Improvement Grants,16.013
"Engaging Men and Youth in Preventing Domestic Violence, Dating Violence, Sexual Assault, and Stalking",16.014
Services to Advocate for and Respond to Youth,16.018
Tribal Registry,16.019
Children and Youth Exposed,16.020
Academic-based Drug Field Testing and Training Initiative,16.032
Collaborative Mental Health and Anti-Recidivism Initiative,16.033
Coronavirus Emergency Supplemental Funding Program,16.034
National Decertification Index,16.038
Security Assistance Reimbursement Grant Program,16.042
OVW LGBT Specific Services Program,16.057
Desegregation of Public Education,16.100
Equal Employment Opportunity,16.101
Fair Housing and Equal Credit Opportunity,16.103
Protection of Voting Rights,16.104
Civil Rights of Institutionalized Persons,16.105
Americans With Disabilities Act Technical Assistance Program,16.108
Civil Rights Prosecution,16.109
Education and Enforcement of the Antidiscrimination Provision of the Immigration and Nationality Act,16.110
Joint Law Enforcement Operations (JLEO),16.111
Community Relations Service,16.200
Prisoner Reentry Initiative Demonstration (Offender Reentry),16.202
Promoting Evidence Integration in Sex Offender Management Discretionary Grant Program,16.203
Juvenile Accountability Block Grants,16.523
"Supervised Visitation, Safe Havens for Children",16.527
"Part E - Developing, Testing and Demonstrating Promising New Programs",16.541
Youth Gang Prevention,16.544
Victims of Child Abuse,16.547
Criminal Justice Research and Development Graduate Research Fellowships,16.562
National Institute of Justice W.E.B. DuBois Fellowship Program,16.566
Public Benefit Conveyance Program,16.578
Edward Byrne Memorial Formula Grant Program,16.579
Edward Byrne Memorial State and Local Law Enforcement Assistance Discretionary Grants Program,16.580
Violent Offender Incarceration and Truth in Sentencing Incentive Grants,16.586
Community Capacity Development Office,16.595
Motor Vehicle Theft Protection Act Program,16.597
Closed-Circuit Televising of Child Victims of Abuse,16.611
National White Collar Crime Center,16.612
Indian Country Alcohol and Drug Prevention,16.616
Supporting Teens through Education and Protection Act of 2005 (STEP Act),16.684
Enforcing Underage Drinking Laws Program,16.727
Reduction and Prevention of Children's Exposure to Violence,16.730
Gang Resistance Education and Training,16.737
Statewide Automated Victim Information Notification (SAVIN) Program,16.740
Anti-Gang Initiative,16.744
Crime Victims' Rights Act,16.747
Convicted Offender and/or Arrestee DNA Backlog Reduction Program,16.748
Radiation Exposure Compensation Program,16.749
Southwest Border Prosecution Initiative Program,16.755
Recovery Act - Internet Crimes against Children Task Force Program (ICAC),16.800
Recovery Act - State Victim Assistance Formula Grant Program,16.801
Recovery Act - State Victim Compensation Formula Grant Program,16.802
Recovery Act - Edward Byrne  Memorial Justice Assistance Grant (JAG) Program/ Grants  to States and Territories,16.803
Recovery Act - Edward Byrne Memorial Justice Assistance Grant (JAG) Program / Grants To Units Of Local Government,16.804
Recovery Act Transitional Housing,16.805
Recovery Act - Violence Against Women Discretionary Grants For Indian Tribal Governments,16.806
Recovery Act - VOCA Crime Victim Assistance Discretionary Grant Program,16.807
Recovery Act - Edward Byrne Memorial Competitive Grant Program,16.808
Recovery Act - State and Local Law Enforcement Assistance Program: Combating Criminal Narcotics Activity Stemming from the Southern Border of the United States Competitive Grant Program,16.809
Recovery Act – Assistance to Rural Law Enforcement to Combat Crime and Drugs Competitive Grant Program,16.810
Recovery Act - Correctional Facilities On Tribal Lands,16.811
Northern Border Prosecution Initiative Program,16.814
National Forum on Youth Violence Prevention,16.819
Juvenile Justice Reform and Reinvestment Demonstration Program,16.821
National Center for Campus Public Safety,16.822
Vision 21,16.826
Juvenile Justice Education Collaboration Assistance,16.829
Children of Incarcerated Parents Web Portal,16.832
Building Community Trust,16.837
Gulf States Regional Law Enforcement Technology Training and Technical Assistance Initiative,16.843
Combatting Contraband Cell Phone Use in Prisons,16.844
Prices and Cost of Living Data,17.003
Productivity and Technology Data,17.004
International Labor Programs,17.007
Employee Benefits Security Administration,17.150
Employee Benefits Security Administration (EBSA),17.151
Registered Apprenticeship,17.201
WIA Dislocated  Workers,17.260
WIA Evaluation,17.262
Work Incentive Grants,17.266
Incentive Grants - WIA Section 503,17.267
Community Based Job Training Grants,17.269
Permanent Labor Certification for Foreign Workers,17.272
Program of Competitive Grants for Worker Training and Placement in High Growth and Emerging Industry Sectors,17.275
Health Care Tax Credit (HCTC) National Emergency Grants (NEGs),17.276
Green Jobs Innovation Fund Grants,17.279
Trade Adjustment Assistance Community College and Career Training (TAACCCT) Grants,17.282
Workforce Innovation Fund,17.283
Hurricane Sandy Disaster Relief Appropriations Act Supplemental - National Emergency Grants (NEGs),17.284
Hurricanes and Wildfires of 2017 Supplemental– National Dislocated Worker Grants,17.286
Non-Discrimination and Affirmative Action by Federal Contractors and Federally Assisted Construction Contractors,17.301
Wage and Hour Standards,17.303
Consumer Credit Protection,17.306
Farm Labor Contractor Registration,17.308
Labor Organization Reports,17.309
Federal Transit Employee Protection Certifications: Office of Labor-Management Standards,17.311
OSHA Data Initiative,17.505
"Disaster Relief Appropriations Act,  Susan Harwood Training Grants",17.506
Mine Health and Safety Counseling and Technical Assistance,17.601
Mine Health and Safety Education and Training,17.602
Department of Labor Chief Evaluation Office,17.791
Veterans' Employment Program,17.802
Uniformed Services Employment and Reemployment Rights,17.803
Local Veterans' Employment Representative Program,17.804
Veteran's Preference in Federal Employment,17.806
Transition Assistance Program,17.807
One-Time International Exchange Grant Program,19.014
Iraq Assistance Program,19.016
Decrypting PRC Industrial and Technology Policy,19.028
Antiterrorism Assistance – Domestic Training Programs,19.030
Research and Development - Physical Security Programs,19.031
Global Engagement,19.032
Contributions to International Organizations-IO,19.034
EUR/ACE Humanitarian Assistance Program,19.123
U.S.-ASEAN Smart Cities Partnership: University Partnership Program,19.127
Organization of American States Programs,19.129
International Programs to Support the Freedom of Religion or Belief,19.355
American Council of Young Political Leaders,19.403
Arts Exchanges on International Issues,19.409
Educational Exchange_Congress-Bundestag Youth Exchange,19.410
"Educational Exchange, American Studies Institute",19.418
Exchange_English Language Specialist/Speaker Program,19.423
Benjamin Gilman International Scholarship,19.425
International Education Training and Research,19.430
Educational Exchange_Scholar-in-Residence (U.S. Institutions of Higher Education Host Lecturing Faculty From Abroad),19.431
General Department of State Assistance,19.700
Partnership for Regional East Africa Counterterrorism (PREACT):,19.980
Aviation Education,20.100
Space Transportation Infrastructure Matching Grants,20.110
Veterans Pilot Training Program,20.113
Aviation Manufacturing Jobs Protection (AMJP) Program,20.114
Performance and Registration Information Systems Management,20.231
Border Enforcement Grants,20.233
Safety Data Improvement Program,20.234
Thermal Imaging Inspection System Demonstration Project,20.236
Commercial Drivers License Information System (CDLIS) Modernization Grant,20.238
Motor Carrier Research and Technology Programs,20.239
Federal Motor Carrier Safety Administration National Training Center,20.241
Medical Programs,20.242
Grants-in-Aid for Railroad Safety_State Participation,20.303
High Speed Ground Transportation_Next Generation High Speed Rail Program,20.312
"Public Transportation Research, Technical Assistance, and Training",20.514
State Planning and Research,20.515
Capital and Training Assistance Program for Over-the-Road Bus Accessibility,20.518
Clean Fuels,20.519
Alternatives Analysis,20.522
Capital Assistance Program for Reducing Energy Consumption and Greenhouse Gas Emissions,20.523
Alcohol Impaired Driving Countermeasures Incentive Grants I,20.601
Occupant Protection Incentive Grants,20.602
Safety Incentives to Prevent Operation of Motor Vehicles by Intoxicated Persons,20.605
Safety Belt Performance Grants,20.609
State Traffic Safety Information System Improvement Grants,20.610
Incentive Grant Program to Increase Motorcyclist Safety,20.612
Child Safety and Child Booster Seats Incentive Grants,20.613
E-911 Grant Program,20.615
RITA Hydrogen,20.704
Technology Development Grant,20.722
University Transportation Centers,20.760
Biobased Transportation Research,20.761
Research Grants,20.762
Research and Innovative Technology (RIT) Hydrogen Alternative Fuel Life Cycle,20.763
Hydrogen Storage Research and Development,20.764
Supplementary Training,20.810
Fireboat Construction,20.815
Great Ships Initiative,20.818
Port of Guam Improvement Enterprise Program,20.822
Transportation_Consumer Affairs,20.900
Bonding Assistance Program,20.904
Disadvantaged Business Enterprises Short Term Lending Program,20.905
Entrepreneurial Training and Technical Assistance Women and Girls Program,20.907
Surface Transportation Discretionary Grants for Capital Investment,20.932
State and Local Government Data Analysis Tools for Roadway Safety,20.935
Taxpayer Service,21.003
Exchange of Federal Tax Information With State Tax Agencies,21.004
Financial Education and Counseling Pilot Program,21.010
Qualifying Therapeutic Discovery Project Credit,21.013
Coronavirus Relief Fund,21.019
Community Development Financial Institutions Rapid Response Program (CDFI RRP),21.024
Coronavirus Economic Relief for Transportation Services Act,21.028
Community Development Financial Institutions Fund Equitable Recovery Program (CDFI ERP),21.033
Federal Civil Service Employment,27.001
Federal Employment Assistance for Veterans,27.002
Federal Student Temporary Employment Program,27.003
Federal Employment for Individuals With Disabilities,27.005
Federal Summer Employment,27.006
Intergovernmental Personnel Act (IPA) Mobility Program,27.011
Presidential Management Intern Program,27.013
"Clearinghouse Services, Civil Rights Discrimination Complaints",29.001
Employment Discrimination Title VII of the Civil Rights Act of 1964,30.001
Employment Discrimination_State and Local Fair Employment Practices Agency Contracts,30.002
Employment Discrimination Private Bar Program,30.005
Employment Discrimination Age Discrimination in Employment,30.008
Employment Discrimination Project Contracts_Indian Tribes,30.009
Employment Discrimination Equal Pay Act,30.010
Employment Discrimination Title I of The Americans with Disabilities Act,30.011
Employment Discrimination-Title II of the Genetic Information Nondiscrimination Act of 2008,30.013
Communications Information and Assistance and Investigation of Complaints,32.001
Shipping_Dispute Resolution and Investigation of Complaints,33.001
Labor Mediation and Conciliation,34.001
Labor Management Cooperation,34.002
Fair Competition Counseling and Investigation of Complaints,36.001
Training and Technical Assistance for State Appraiser Regulatory Agencies,38.008
Federal Citizen Information Center,39.009
Public Buildings Service,39.012
Depository Libraries for Government Publications,40.001
Government Publications Sales and Distribution,40.002
Books for the Blind and Physically Handicapped,42.001
Copyright Service,42.002
Semiconductor Chip Protection Service,42.008
Vessel Hull Design Protection Service,42.009
Connecting Communities Digital Initiative,42.012
Of the People: Community Collections Grants,42.013
Affiliate Centers for the Book Programming Grants,42.014
Lewis-Houghton Civics and Democracy Initiative,42.015
"Aeronautics, Recovery Act",43.004
"Exploration, Recovery Act",43.005
"Science, Recovery Act",43.006
Construction & Environmental Compliance & Remediation,43.010
Office of Inspector General,43.011
Science Mission Directorate,43.013
"Credit Union Charter, Examination, Supervision, and Insurance",44.001
Grants to State Library Administrative Agencies,45.016
Laura Bush 21st Century Librarian Program,45.017
National Leadership Grants,45.018
Museum Grants for African American History and Culture,45.019
Native American/Native Hawaiian Museum Services,45.028
Native American and Native Hawaiian Library Services,45.029
Museums for America,45.030
Humanities Data and Evaluation,45.159
Promotion of the Humanities_We the People,45.168
Museum Assessment Program,45.302
Conservation Project Support,45.303
Conservation Assessment Program,45.304
21st Century Museum Professionals,45.307
Peace Corps’ Global Health and PEPFAR Initiative Program,45.400
Labor-Management Relations,46.001
Office of Cyberinfrastructure,47.080
Office of Experimental Program to Stimulate Competitive Research,47.081
Trans-NSF Recovery Act Reasearch Support,47.082
Economic Recovery Payments,57.005
Securities_Investigation of Complaints and SEC Information,58.001
Procurement Assistance to Small Businesses,59.009
Small Disadvantaged Businesses,59.049
New Markets Venture Capital Program,59.051
7(a)Export Loan Guarantees,59.054
Secondary Market Lending Authority,59.056
America's Recovery Capital Loans,59.057
Small Business Teaming Pilot Program,59.060
Disaster Assistance Loans (Disaster Relief Appropriations Act),59.063
Entrepreneurial Development Disaster Assistance (Disaster Relief Appropriations Act),59.064
ScaleUp America,59.068
Drug-Free Workplace Program,59.070
"Makerspace Training, Collaboration, and Hiring (MaTCH)",59.071
OED Resource Partners Training Portal (RPTP),59.074
Lab-to-Market,59.076
Blind Rehabilitation Centers,64.007
Veterans Domiciliary Care,64.008
Veterans Medical Care Benefits,64.009
Veterans Nursing Home Care,64.010
Veterans Dental Care,64.011
Veterans Prescription Service,64.012
Veterans Prosthetic Appliances,64.013
Veterans State Hospital Care,64.016
Sharing Specialized Medical Resources,64.018
Veterans Rehabilitation_Alcohol and Drug Dependence,64.019
Veterans Home Based Primary Care,64.022
Post-9/11 Veterans Educational Assistance,64.027
Purchase Care Program,64.029
Life Insurance for Veterans – Face Amount of New Life Insurance Policies Issued,64.030
Veterans Retraining Assistance Program (VRAP),64.036
Grants for the Rural Veterans Coordination Pilot,64.038
VHA Inpatient Medicine,64.040
VHA Outpatient Specialty Care,64.041
VHA Inpatient Surgery,64.042
VHA Mental Health Residential,64.043
VHA Home Care,64.044
VHA Outpatient Ancillary Services,64.045
VHA Inpatient Psychiatry,64.046
VHA Primary Care,64.047
VHA Mental Health clinics,64.048
VHA Community Living Center,64.049
VHA Diagnostic Care,64.050
Veterans Employment Pay for Success Program,64.052
Legal Services for Veterans - Legal Assistance for Access to VA Programs (LSV-A) Grant Program,64.060
Life Insurance for Veterans,64.103
Veterans Information and Assistance,64.115
Veterans Housing_Manufactured Home Loans,64.119
Community Action for a Renewed Environment (CARE) Program,66.035
Clean School Bus USA,66.036
Climate Showcase Communities Grant Program,66.041
Temporally Integrated Monitoring of Ecosystems (TIME) and Long-Term Monitoring (LTM) Program,66.042
"Regional Healthy Indoor Air Projects for Community Outreach and Education, Surveys, Studies, Research, Investigations, Demonstrations, and Special Purpose Activities Relating to the Clean Air Act",66.043
Greenhouse Gas and Zero Emission On-road Mobile Source Standards,66.048
Potomac Highlands Implementation Grants,66.050
Healthy Communities Grant Program,66.110
Regional Environmental Priority Projects,66.111
"Surveys, Studies, Investigations, Training, Demonstrations, and Special Purpose Grants for Regional Geographic Initiatives",66.112
Region 3 Environmental Priority Projects,66.113
Regional Geographic Initiative/Environmental Priority Projects,66.116
Region 9 Multi-Media and Geographic Priority Projects,66.117
West Coast Estuaries Initiative,66.119
Puget Sound Watershed Management Assistance,66.120
"Puget Sound Action Agenda Outreach, Education and Stewardship Support Program",66.122
Southeastern U.S. Regional Targeted Watershed Initiative,66.127
Southeastern Multi-Media and Geographic Priority Projects,66.128
Capacity Building Grants and Cooperative Agreements for Compliance Assurance and Enforcement Activities in Indian Country and Other Tribal Areas,66.310
Targeted Watersheds Grants,66.439
Urban Waters Small Grants,66.440
Healthy Watersheds Consortium Grant Program,66.441
Water Quality Cooperative Agreements,66.463
Wastewater Operator Training Grant Program,66.467
State Grants to Reimburse Operators of Small Water Systems for Training and Certification Costs,66.471
Water Protection Grants to the States,66.474
Water Security Training and Technical Assistance and Water Security Initiative Contamination Warning System Pilots,66.478
Wetland Program Grants -  State/Tribal Environmental Outcome Wetland Demonstration Program,66.479
Assessment and Watershed Protection Program Grants,66.480
Disaster Relief Appropriations Act (DRAA) Hurricane Sandy Capitalization Grants For Clean Water State Revolving Funds,66.482
Disaster Relief Appropriations Act (DRAA) Hurricane Sandy Capitalization Grants for Drinking Water State Revolving Funds,66.483
Regional Environmental Monitoring and Assessment Program (REMAP) Research Projects,66.512
Greater Research Opportunities (GRO) Fellowships For Undergraduate Environmental Study,66.513
Science To Achieve Results (STAR) Fellowship Program,66.514
Greater Research Opportunities (GRO) Research Program,66.515
Regional Applied Research Efforts (RARE),66.517
"Surveys, Studies, Investigations, Training Demonstrations and Educational Outreach Related to Environmental Information and the Release of Toxic Chemicals",66.612
Multi-Media Capacity Building Grants for States and Tribes,66.709
Lead Educational Outreach and Baseline Assessment of Tribal Children's Exposure and Risks Associated With Lead,66.715
National Community-Based Lead Outreach and Training Grant Program,66.718
Center of Excellence for Chemical Alternatives Assessment,66.719
Reducing Embodied Greenhouse Gas Emissions for Construction Materials and Products,66.721
Chemical Emergency Preparedness and Prevention (CEPP) Technical Assistance Grants Program,66.810
Disaster Relief Appropriations Act (DRAA) Hurricane Sandy Leaking Underground Storage Tank Trust Fund Corrective Action Program,66.819
Environmental Policy and State Sustainability Grants,66.940
National Network for Environmental Management Studies Fellowship Program,66.952
Building Capacity to Implement EPA National Guidelines for School Environmental Health Programs,66.953
Tribal ecoAmbassadors,66.954
Healthy Environmental Living Program (HELP),66.963
National Gallery of Art Extension Service,68.001
Foreign Investment Financing,70.002
Foreign Investment Insurance,70.003
U. S. Nuclear Regulatory Commission Nuclear Education Grant Program,77.006
Commodity Futures Reparations Claims,78.004
Granting of Patent Licenses,81.003
Remedial Action and Waste Management,81.006
Laboratory Equipment Donation Program,81.022
Inventions and Innovations,81.036
Office of Scientific and Technical Information,81.064
Regional Biomass Energy Programs,81.079
"National Industrial Competitiveness through Energy, Environment, and Economics",81.105
University Reactor Infrastructure and Education Support,81.114
Energy Efficient Appliance Rebate Program (EEARP),81.127
"Energy Efficiency and Renewable Energy Technology Deployment, Demonstration and Commercialization",81.129
Carbon Capture and Storage-FutureGen 2.0,81.130
Expand and Extend Clean Coal Power Initiative,81.131
Geologic Sequestration Site Characterization,81.132
Geologic Sequestration Training and Research Grant Program,81.133
Industrial Carbon Capture and Storage (CCS) Application,81.134
Environmental Management R&D and Validation Testing on High Efficiency Particulate Air (HEPA) Filters,81.139
Federal Family Education Loans,84.032
Perkins Loan Cancellations,84.037
Federal Perkins Loan Program_Federal Capital Contributions,84.038
Leveraging Educational Assistance Partnership,84.069
Women's Educational Equity Program,84.083
Rehabilitation Services_Service Projects,84.128
Centers for Independent Living,84.132
National Institute on Disability and Rehabilitation Research,84.133
Independent Living_State Grants,84.169
Javits Fellowships,84.170
Byrd Honors Scholarships,84.185
Safe and Drug-Free Schools and Communities_State Grants,84.186
Star Schools,84.203
Even Start_State Educational Agencies,84.213
Even Start_Migrant Education,84.214
Assistive Technology,84.224
Projects with Industry,84.234
Tech-Prep Education,84.243
Territories and Freely Associated States Education Grant Program,84.256
National Institute for Literacy,84.257
Even Start_Indian Tribes and Tribal Organizations,84.258
Rehabilitation Training_State Vocational Rehabilitation Unit In-Service Training,84.265
Institute for International Public Policy,84.269
Rehabilitation Training_General Training,84.275
Ready to Teach,84.286
Foreign Language Assistance,84.293
State Grants for Innovative Programs,84.298
Civic Education - We the People and the Cooperative Education Exchange Program,84.304
Educational Technology State Grants,84.318
Advanced Placement Program (Advanced Placement Test Fee; Advanced Placement Incentive Program Grants),84.330
Grants to States for Workplace and Community Transition Training for Incarcerated Individuals,84.331
Comprehensive School Reform Demonstration,84.332
"Demonstration Projects to Support Postsecondary Faculty, Staff, and Administrations in Educating Students with Disabilities",84.333
International Education_Technological Innovation and Cooperation for Foreign Information Access,84.337
Assistive Technology_State Grants for Protection and Advocacy,84.343
Underground Railroad Educational and Cultural Program,84.345
Early Childhood Educator Professional Development,84.349
Transition to Teaching,84.350
Reading First State Grants,84.357
Early Reading First,84.359
High School Graduation Initiative,84.360
Voluntary Public School Choice,84.361
School Leader Recruitment and Support (formerly School Leadership),84.363
Improving Literacy Through School Libraries,84.364
Mathematics and Science Partnerships,84.366
Academic Competitiveness Grants,84.375
National Science and Mathematics Access to Retain Talent (SMART) Grants,84.376
School Improvement Grants,84.377
College Access Challenge Grant Program,84.378
"Baccalaureate Degrees in Science, Technology, Engineering, Mathematics, and Critical Foreign Languages and Master's Degrees in Science, Technology, Engineering, Mathematics, and Critical Foreign Languages",84.381
Homeless Education Disaster Assistance Program,84.383
"Statewide Data Systems, Recovery Act",84.384
"Teacher Incentive Fund, Recovery Act",84.385
"Education Technology State Grants, Recovery Act",84.386
"Education for Homeless Children and Youth, Recovery Act",84.387
"School Improvement Grants, Recovery Act",84.388
"Title I Grants to Local Educational Agencies, Recovery Act",84.389
"Rehabilitation Services-Vocational Rehabilitation Grants to States, Recovery Act",84.390
"Special Education Grants to States, Recovery Act",84.391
"Special Education - Preschool Grants, Recovery Act",84.392
"Special Education - Grants for Infants and Families, Recovery Act",84.393
"State Fiscal Stabilization Fund (SFSF) -  Education State Grants, Recovery Act",84.394
"State Fiscal Stabilization Fund (SFSF) - Race-to-the-Top Incentive Grants, Recovery Act",84.395
"State Fiscal Stabilization Fund (SFSF) - Investing in Innovation (i3) Fund, Recovery Act",84.396
"State Fiscal Stabilization Fund (SFSF) - Government Services, Recovery Act",84.397
"Independent Living State Grants, Recovery Act",84.398
"Independent Living Services for Older Individuals Who are Blind, Recovery Act",84.399
"Centers for Independent Living, Recovery Act.",84.400
"Impact Aid School Construction, Recovery Act",84.401
"Consolidated Grants to the Outlying Areas, Recovery Act",84.402
"Impact Aid -- School Construction Formula Grants, Recovery Act",84.404
"Teacher Quality Partnerships, Recovery Act",84.405
"Capacity Building for Traditionally Underserved Populations, Recovery Act.",84.406
Civil Legal Assistance Attorney Student Loan Repayment Program,84.409
Education Jobs Fund,84.410
Race to the Top – Early Learning Challenge,84.412
Race to the Top,84.413
Graduate Research Opportunities for Minority Students (Minorities and Retirement Security Program),84.414
Race to the Top - District Grants,84.416
Promoting Readiness of Minors in Supplemental Security Income,84.418
Preschool Development Grants,84.419
Performance Partnership Pilots for Disconnected Youth,84.420
Congressionally Directed Spending—Rehabilitation Services and Disability Research,84.427
Disaster Recovery Assistance for Education,84.938
Harry S Truman Scholarship Program,85.001
MCC Domestic Assistance for Overseas Programs,85.003
Christopher Columbus Fellowship Program,85.100
Homeland Security Award,85.101
Christopher Columbus Awards,85.102
Freida J. Riley Teacher Award,85.103
Life Sciences Awards,85.104
Agriscience Awards,85.105
Rural Water Investment Evaluations (MOZMBIQUE),85.111
Woodrow Wilson Center Fellowships in the Humanities and Social Sciences,85.300
James Madison Memorial Fellowship Program,85.500
Smithsonian Institution Fellowship Program,85.601
U.S. Faculty Scholar Grants,85.801
Fellowship Program,85.802
Visiting Scholar Grants,85.803
Architectural and Transportation Barriers Compliance Board,88.001
Cooperative Agreements to Support the Programs of the National Archives and Records Administration (NARA),89.005
Delta Area Economic Development,90.201
Delta Local Development District Assistance,90.202
Delta Creative Place-Making Pilot Initiative,90.203
States' Economic Development Assistance Program,90.204
Help America Vote Mock Election Program,90.402
U.S. Election Assistance Commission Research Grants,90.403
Federal Permitting Improvement Steering Council Environmental Review Improvement Fund (ERIF) Funding Program,90.800
Annual Grant Competition,91.001
Priority Grant Competition,91.002
91.003 Annual Senior Fellowship Competition,91.003
Public Education for Peacebuilding Awards Program,91.004
Civil Rights and Privacy Rule Compliance Activities,93.001
Public Health and Social Services Emergency Fund,93.003
Cooperative Agreements to Improve the Health Status of Minority Populations,93.004
State and Territorial and Technical Assistance Capacity Development Minority HIV/AIDS Demonstration Program,93.006
Compassion Capital Fund,93.009
Community-Based Abstinence Education (CBAE),93.010
"Improving, Enhancing, and Evaluating Outcomes of Comprehensive Heart Health Care Programs for High-Risk Women",93.012
Ambassadors for Change Program,93.013
Steps to Healthier Girls Program,93.014
HIV Prevention Programs for Women,93.015
Postal Model for Medical Countermeasures Delivery and Distribution,93.016
Strengthening the Management and Services of the Women's and Children's Hospitals in Kabul,93.017
Strengthening Public Health Services at the Outreach Offices of the U.S.-Mexico Border Health Commission,93.018
PPHF - Applied Leadership for Community Health Improvement,93.055
Initiative to Educate State and Territorial Officials about Maintaining and Strengthening Public Health in a Changing Environment,93.056
National Resource Center for HIV Prevention Among Adolescents,93.057
"Tobacco Regulation Awareness, Communication, and Education Program",93.058
Biomonitoring Programs for State Public Health Laboratories,93.062
Centers for Genomics and Public Health,93.063
"Laboratory Training, Evaluation, and Quality Assurance Programs",93.064
Hospital Preparedness Program (HPP) and Public Health Emergency Preparedness (PHEP) Aligned Cooperative Agreements,93.074
Systems Interoperability_Health and Human Services,93.075
TANF Program Integrity Innovation Grants,93.076
Sodium Reduction in Communities,93.082
Social Services and Income Maintenance Benefits Enrollment Coordination Grants,93.091
Health Profession Opportunity Grants,93.093
Well-Integrated Screening and Evaluation for Women Across the Nation,93.094
HHS Programs for Disaster Relief Appropriations Act - Non Construction,93.095
HHS Programs for Disaster Relief Appropriations Act - Construction,93.096
Tribal Public Health Capacity Building and Quality Improvement,93.098
Health Disparities in Minority Health,93.100
Bilingual/Bicultural Service Demonstration Grants,93.105
Adolescent Family Life Research Grants,93.111
"Geriatric Training for Physicians, Dentists and Behavioral/Mental Health Professionals",93.156
Podiatric Residency Training in Primary Care,93.181
Health Education Training Centers Continuing Educational Support for Health Professionals Serving in Underserved Communities,93.189
Quentin N. Burdick Program for Rural Interdisciplinary Training,93.192
Capacity Building Among American Indian Tribes,93.202
Surveillance of Hazardous Substance Emergency Events,93.204
Human Health Studies_Applied Research and Development,93.206
Great Lakes Human Health Effects Research,93.208
Contraception and Infertility Research Loan Repayment Program,93.209
Telehealth Programs,93.211
Chiropractic Demonstration Project Grants,93.212
Demonstration Cooperative Agreements for Development and Implementation of Criminal Justice Treatment Networks,93.229
Consolidated Knowledge Development and Application (KD&A) Program,93.230
Loan Repayment Program for General Research,93.232
Cooperative Agreements for State Treatment Outcomes and Performance Pilot Studies Enhancement,93.238
Mental Health Clinical and AIDS Service-Related Training Grants,93.244
Public Health Training Centers Program,93.249
Healthy Communities Access Program,93.252
Infant Adoption Awareness Training,93.254
State Health Access Program,93.256
Rural Access to Emergency Devices Grant and Public Access to Defibrillation Demonstration Grant,93.259
Scaling the National Diabetes Prevention Program to Priority Populations,93.261
Comprehensive Geriatric Education Program (CGEP),93.265
State Grants for Protection and Advocacy Services,93.267
Alcohol Research Career Development Awards for Scientists and Clinicians,93.271
Alcohol National Research Service Awards for Research Training,93.272
Substance Abuse and Mental Health Services-Access to Recovery,93.275
Mental Health Research Career/Scientist Development Awards,93.281
Mental Health National Research Service Awards for Research Training,93.282
National Institutes of Health Pediatric Research Loan Repayment Program,93.285
"President's Council on Fitness, Sports, and Nutrition",93.289
National Community Centers of Excellence in Women's Health,93.290
National Public Health Improvement Initiative,93.292
Supporting Permanent Placements of Foster Care Children Through Electronic Records Exchange,93.293
Mentoring Partnership Program - Protege,93.294
Intergenerational Approaches to HIV/AIDS Prevention Education with Women across The Lifespan Pilot Program,93.295
State Partnership Grant Program to Improve Minority Health,93.296
PPHF 2018: Office of Smoking and Health-National State-Based Tobacco Control Programs-Financed in part by 2018 Prevention and Public Health funds (PPHF),93.305
National Institute on Minority Health and Health Disparities (NIMHD) Extramural Loan Repayment Programs,93.308
Mobilization For Health: National Prevention Partnership Awards,93.311
"Child Development and, Surveillance, Research and Prevention",93.312
National Implementation and Dissemination for Chronic Disease Prevention,93.328
Skills Training and Health Workforce Development of Paraprofessionals Grant Program,93.329
Leadership in Public Health Social Work Education Grant Program,93.330
Partnerships to Improve Community Health,93.331
Reducing the Effects Attributed to Commercial Tobacco use by Tribes (REACTT),93.335
Foreign Public Health Construction,93.338
Public Health Conference Support,93.339
Trusted Exchange Framework and Common Agreement (TEFCA) Recognized Coordinating Entity (RCE) Cooperative Agreement,93.347
"Prevention and Control of Chronic Disease and Associated Risk Factors in the U.S. Affiliated Pacific Islands, U.S. Virgin Islands, and Puerto Ri",93.357
Advanced Education Nursing Traineeships,93.358
Assistive Technology National Activities,93.362
Flexible Alternatives for State Transformation Model,93.363
Multiple Approaches to Support Young Breast Cancer Survivors and Metastatic Breast Cancer Patients,93.373
Multiple Approaches to Support Young Breast Cancer Survivors and Metastatic Breast Cancer Patients,93.374
The CDC Public Health Cancer Genomics Program: Translating Research into Public Health Practice,93.380
"Emergency Triage, Treat, and Transport (ET3) Model",93.381
National Center for Research Resources,93.389
Cancer Construction,93.392
National Health Service Corps Scholarship Program,93.400
ARRA - National Health Service Corps Loan Repayment,93.401
ARRA - State Loan Repayment Program,93.402
ARRA Grants for Training in Primary Care Medicine and Dentistry Training and Enhancement,93.403
ARRA – Dental Public Health Residency Training Grants,93.404
ARRA - Public Health Traineeship Program,93.405
NURSE Corps Loan Repayment Program,93.406
ARRA - Scholarships for Disadvantaged Students,93.407
Faculty Loan Repayment Programs,93.409
ARRA – Licensure Portability Grant Program,93.410
ARRA – Equipment to Enhance Training for Health Professionals,93.411
ARRA - Preventive Medicine Residency Program,93.412
The State Flexibility to Stabilize the Market Grant Program,93.413
ARRA - State Primary Care Offices,93.414
ARRA - Centers of Excellence,93.415
ARRA - Health Careers Opportunity Program,93.416
ARRA - Nursing Workforce Diversity,93.417
ARRA - Emergency Medical Services for Children,93.418
ARRA - Maternal and Child Health (MCH) Pediatric Research Network Program,93.419
ARRA - Community Health Applied Research Network,93.420
NON-ACA/PPHF—Building Capacity of the Public Health System to Improve Population Health through National Nonprofit Organizations,93.424
Centers for Disease Control and Prevention - Resident Postdoctoral Program in Microbiology,93.425
PPHF 2018: Prevention Health and Health Services – Strengthening Public Health Systems and Services through National Partnerships to Improve and Protect the Nation’s Health – financed in part by Prevention and Public Health Funds (PPHF),93.430
The Innovative Cardiovascular Health Program,93.435
PPHF2018-National Organization for Chronic Disease Prevention and Health Promotion-financed in part by 2018 Prevention and Public Health Funds,93.437
National Project Management of the Healthcare Communities Knowledge Gateway,93.440
Special Diabetes Program for Indians (SDPI) Diabetes Prevention and Healthy Heart Initiative,93.442
Health Promotion/Disease Prevention Program for American Indians and Alaska Natives,93.443
Food Safety and Security Monitoring Project,93.448
Ruminant Feed Ban Support Project,93.449
The Linkage to Life Program: Rebuilding Broken Bridges for Minority Families Impacted by HIV/AIDS.,93.451
Health Improvement for Re-entering Ex-offenders Initiative (HIRE) HIV/AIDS,93.452
Coalition for a Healthier Community,93.453
HRSA COVID-19 Claims Reimbursement for the Uninsured Program and the COVID-19 Coverage Assistance Fund,93.461
Strengthening the Technical Advancement & Readiness of Public Health via Health Information Exchange Program,93.462
Building Capacity of the Public Health System to Address Ebola Through National Nonprofit Organizations,93.466
TANF Policy Academy for Innovative Employment Strategies (PAIES),93.475
Preventing Maternal Deaths: Supporting Maternal Mortality Review Committees,93.478
Accelerating State Pediatric Innovation Readiness and Effectiveness (ASPIRE) Model,93.487
Provider Relief Fund and American Rescue Plan (ARP) Rural Distribution,93.498
Low Income Household Water Assistance Program,93.499
Pregnancy Assistance Fund Program,93.500
School-Based Health Centers Capital Program,93.501
Affordable Care Act (ACA) Infrastructure to Expand Access to Care,93.502
Affordable Care Act (ACA) Nursing Assistant and Home Health Aide Program,93.503
"Affordable Care Act (ACA) Maternal, Infant, and Early Childhood Home Visiting Program",93.505
ACA Nationwide Program for National and State Background Checks for Direct Patient Access Employees of Long Term Care Facilities and Providers,93.506
PPHF National Public Health Improvement Initiative,93.507
"Affordable Care Act (ACA) Tribal Maternal, Infant, and Early Childhood Home Visiting Program",93.508
Affordable Care Act (ACA) State Health Care Workforce Development Grants,93.509
Affordable Care Act (ACA) Primary Care Residency Expansion Program,93.510
Affordable Care Act (ACA) Grants to States for Health Insurance Premium Review,93.511
Affordable Care Act (ACA) Personal and Home Care Aide State Training Program (PHCAST),93.512
Affordable Care Act (ACA) Advanced Nursing Education Expansion Initiative,93.513
Affordable Care Act (ACA) Expansion of Physician Assistant Training Program,93.514
Affordable Care Act (ACA) Nurse-Managed Health Clinics,93.515
Affordable Care Act – Aging and Disability Resource Center,93.517
Affordable Care Act - Medicare Improvements for Patients and Providers,93.518
Affordable Care Act (ACA) – Consumer Assistance Program Grants,93.519
Centers for Disease Control and Prevention –Affordable Care Act (ACA) – Communities Putting Prevention to Work,93.520
"The Affordable Care Act: Building Epidemiology, Laboratory, and Health Information Systems Capacity in the Epidemiology and Laboratory Capacity for Infectious Disease (ELC) and Emerging Infections Program (EIP) Cooperative Agreements; PPHF",93.521
Affordable Care Act (ACA) Prevention Center for Healthy Weight,93.522
The Affordable Care Act: Human Immunodeficiency Virus (HIV) Prevention and Public Health Fund Activities,93.523
"Building Capacity of the Public Health System to Improve Population Health through National, Non-Profit Organizations- financed in part by Prevention and Public Health Funds (PPHF)",93.524
State Planning and Establishment Grants for the Affordable Care Act (ACA)’s Exchanges,93.525
National Forum for State and Territorial Chief Executives,93.528
Pre-existing Condition Insurance Program (PCIP),93.529
PPHF - Community Transformation Grants and National Dissemination and Support for Community Transformation Grants - financed solely by Prevention and Public Health Funds,93.531
Prevention and Public Health Fund  (Affordable Care Act): Enhanced Surveillance for New Vaccine Preventable Disease,93.533
Affordable Care Act (ACA) Childhood Obesity Research Demonstration,93.535
The Affordable Care Act Medicaid Incentives for Prevention of Chronic Disease Demonstration Project,93.536
Affordable Care Act Medicaid Emergency Psychiatric Demonstration,93.537
Affordable Care Act - National Environmental Public Health Tracking Program-Network Implementation,93.538
PPHF Capacity Building Assistance to Strengthen Public Health Immunization Infrastructure and Performance financed in part by Prevention and Public Health Funds,93.539
Affordable Care Act Streamlined surveillance for ventilator-associated pneumonia: Reducing burden and demonstrating preventability; and Prevention and Public Health Fund,93.540
The Patient Protection and Affordable Care Act of 2010 (ACA),93.541
Health Promotion and Disease Prevention Research Centers: PPHF - Affordable Care Act Projects,93.542
The Patient Protection and Affordable Care Act of 2010 (Affordable Care Act) authorizes Coordinated Chronic Disease prevention and Health Promotion Program,93.544
Consumer Operated and Oriented Plan [CO-OP] Program,93.545
Early Retiree Reinsurance Program,93.546
National Health Service Corps,93.547
"PPHF: State Nutrition, Physical Activity, and Obesity Programs - financed in part by PPHF",93.548
Affordable Care Act (ACA) The Primary Care Services Resource Coordination and Development Program,93.549
Abandoned Infants,93.551
Refugee and Entrant Assistance Targeted Assistance Grants,93.584
Job Opportunities for Low-Income Individuals,93.593
Child Support Enforcement Demonstrations and Special Projects,93.601
Assets for Independence Demonstration Program,93.602
Affordable Care Act - Preparedness and Emergency Response Learning Centers,93.606
Affordable Care Act - Preparedness and Emergency Response Research Centers: A Public Health Systems Approach,93.607
The Affordable Care Act – Medicaid Adult Quality Grants,93.609
Strong Start for Mothers and Newborns,93.611
President's Committee for People with Intellectual Disabilities (PCPID),93.613
"Maternal, Infant, and Early Childhood Home Visiting Research Programs",93.615
Mentoring Children of Prisoners,93.616
Voting Access for Individuals with Disabilities_Grants to States,93.617
Affordable Care Act Initiative to Reduce Avoidable Hospitalizations among Nursing Facility Residents,93.621
Coordinating Center for Interprofessional Education and Collaborative Practice,93.622
Community Health Access and Rural Transformation (CHART) Model,93.624
Affordable Care Act State Health Insurance Assistance Program (SHIP) and Aging and Disability Resource Center (ADRC) Options Counseling for Medicare-Medicaid Individuals in States with Approved Financial Alignment Models,93.626
Affordable Care Act: Testing Experience and Functional Assessment Tools,93.627
Affordable Care Act Implementation Support for State Demonstrations to Integrate Care for Medicare-Medicaid Enrollees,93.628
Affordable Care Act Community Health Applied Research Network (CHARN),93.629
ACA - Reinvestment of Civil Money Penalties to Benefit Nursing Home Residents,93.636
ACA-Transforming Clinical Practice Initiative: Practice Transformation Networks (PTNs),93.638
Section 9813: State Planning Grants for Qualifying Community-Based Mobile Crisis Intervention Services,93.639
Adult Medicaid Quality: Improving Maternal and Infant Health Outcomes in Medicaid and CHIP,93.644
ACA – Testing a Model of Data Aggregation under the Comprehensive Primary Care initiative,93.646
Accountable Health Communities,93.650
“Transforming Clinical Practice Initiative (TCPI) – Support and Alignment Network (SAN) 2.0”,93.651
"Extramural Research Facilities Restoration Program: Hurricanes Harvey, Maria, and Irma – Construction",93.662
"Extramural Research Restoration Program: Hurricanes Harvey, Maria, and Irma – non-construction",93.663
Substance Use-Disorder Prevention that Promotes Opioid Recovery and Treatment (SUPPORT) for Patients and Communities Act,93.664
EHB-Benchmark Plan Modernization Grant for States with a Federally-facilitated Exchange,93.679
Drug Vial Size Report,93.685
Integrating the Healthcare Enterprise FHIR Cooperative Agreement Program,93.691
Health Data Access Program (HeDAP),93.695
COVID-19 Testing and Mitigation for Rural Health Clinics,93.697
State and National Tobacco Cessation Support Systems,93.699
IMR and NCCIM Programs,93.700
Trans-NIH Recovery Act Research Support,93.701
"National Center for Research Resources, Recovery Act Construction Support",93.702
ARRA – Grants to Health Center Programs,93.703
Trans-NIH Recovery Act Loan Repayment Support,93.704
Aging Home-Delivered Nutrition Services for States,93.705
Aging Nutrition Services for Native Americans,93.706
Aging Congregate Nutrition Services for States,93.707
ARRA - Head Start,93.708
ARRA - Early Head Start,93.709
ARRA - Community Services Block Grant,93.710
ARRA –  Strengthening Communities Fund,93.711
ARRA - Immunization,93.712
ARRA – Child Care and Development Block Grant,93.713
ARRA – Emergency Contingency Fund for Temporary Assistance for Needy Families (TANF) State Program,93.714
Recovery Act – Comparative Effectiveness Research - AHRQ,93.715
ARRA – Temporary Assistance for Needy Families (TANF) Supplemental Grants,93.716
ARRA - Preventing Healthcare-Associated Infections,93.717
Health Information Technology Regional Extension Centers Program,93.718
Advance Interoperable Health Information Technology Services to Support Health Information Exchange,93.719
ARRA - Survey and Certification Ambulatory Surgical Center Healthcare-Associated Infection (ASC-HAI) Prevention Initiative,93.720
ARRA - Health Information Technology Professionals in Health Care,93.721
ARRA - IHS Tribal Agreements,93.722
"ARRA - Prevention and Wellness-State, Territories and Pacific Islands",93.723
ARRA - Prevention and Wellness – Communities Putting Prevention to Work Funding Opportunities Announcement (FOA),93.724
ARRA - Communities Putting Prevention to Work: Chronic Disease Self-Management Program,93.725
ARRA Accelerating Adoption of Comparative Effectiveness Research (CER),93.726
Beacon Communities - Community Health Peer Learning Program,93.727
ARRA - Strategic Health IT Advanced Research Projects (SHARP),93.728
ARRA –Health Information Technology and Public Health,93.729
ARRA Prevention Research Centers Comparative Effectiveness Research Program,93.730
ARRA - Prevention and Wellness - Leveraging National Organizations,93.731
Capacity Building Assistance to Strengthen Public Health Immunization Infrastructure and Performance – financed in part by the Prevention and Public Health Fund (PPHF),93.733
State Public Health Approaches for Ensuring Quitline Capacity – Funded in part by Prevention and Public Health Funds (PPHF),93.735
Prevention Public Health Fund: Viral Hepatitis Prevention,93.736
PPHF: Community Transformation Grants -Small Communities Program financed solely by Public Prevention and Health Funds,93.737
PPHF: Racial and Ethnic Approaches to Community Health Program financed solely by Public Prevention and Health Funds,93.738
PPHF: Chronic Disease Innovation Grants - financed solely by Public Prevention Health Funds,93.739
Prevention Public Health Fund: Viral Hepatitis Education,93.740
Breastfeeding Promotion and Support – Improving Maternity Care Practices project financed solely by Public Prevention and Health Funds,93.741
PPHF: Early Childcare and Education Obesity Prevention Program - Obesity Prevention in Young Children - financed solely by Public Prevention and Health Funds,93.742
Racial and Ethnic Approaches to Community Health: Obesity and Hypertension Demonstration Projects financed solely by Prevention and Public Health Funds,93.743
"PPHF: Breast and Cervical Cancer Screening Opportunities for States, Tribes and Territories solely financed by Prevention and Public Health Funds",93.744
PPHF: Health Care Surveillance/Health Statistics – Surveillance Program Announcement: Behavioral Risk Factor Surveillance System Financed in Part by Prevention and Public Health Fund,93.745
PPHF Cooperative Agreements for Prescription Drug Monitoring Program Electronic Health Record (EHR) Integration and Interoperability Expansion,93.748
PPHF – Public Health Laboratory Infrastructure – financed solely by Prevention and Public Health Fund,93.749
PPHF Cooperative Agreement to Support Navigators in Federally-facilitated and State Partnership Exchanges,93.750
PPHF: Consortium for Tobacco Use Cessation Technical Assistance financed by solely by Prevention and Public Health Funds,93.751
"Cancer Prevention and Control Programs for State, Territorial and Tribal Organizations financed in part by Prevention and Public Health Funds",93.752
Child Lead Poisoning Prevention Surveillance financed in part by Prevention and Public Health (PPHF) Program,93.753
Promotion and Support of Optimal Breastfeeding Practices throughout the United States financed solely by Prevention and Public Health Funding (PPHF),93.754
Surveillance for Diseases Among Immigrants and Refugees financed in part by Prevention and Public Health Funds (PPHF),93.755
Nutrition and Physical Activity Program funded solely by Prevention and Public Health  Funds (PPHF),93.756
"State and Local Public Health Actions to Prevent Obesity, Diabetes, Heart Disease and Stroke (PPHF)",93.757
Preventive Health and Health Services Block Grant funded solely with Prevention and Public Health Funds (PPHF),93.758
Consortium for Tobacco Use Cessation Technical Assistance financed solely by Prevention and Public Health Funds,93.759
Rural PACE (Program of All-Inclusive Care for the Elderly) Provider Grant Program,93.760
PPHF- Cooperative Agreements to Implement the National Strategy for Suicide Prevention (Short Title: National Strategy Grants),93.764
PPHF-CDC Partnership: Strengthening Public Health Laboratories,93.765
Demonstration to Maintain Independence and Employment,93.769
Hurricane Katrina Relief,93.776
Grants to States for Operation of Qualified High-Risk Pools,93.780
Seed Grants to States for Qualified High-Risk Pools,93.781
Medicare Transitional Drug Assistance Program for States,93.783
Federal Reimbursement of Emergency Health Services Furnished to Undocumented Aliens,93.784
Pilot Program for National and State Background Checks--Direct Patient Access for Long-Term Care,93.785
State Pharmaceutical Assistance Programs,93.786
Alternatives to Psychiatric Residential Treatment Facilities for Children,93.789
Alternate Non-Emergency Service Providers or Networks,93.790
"Prevention and Control of Chronic Disease and Associated Risk Factors in the U.S. Affiliated Pacific Islands, U.S. Virgin Islands, and P. R.",93.792
Medicaid Transformation Grants,93.793
Reimbursement of State Costs for Provision of Part D Drugs,93.794
Community Health Workers for COVID Response and Resilient Communities,93.795
Increasing the Implementation of Evidence-Based Cancer Survivorship Interventions to Increase Quality and Duration of Life Among Cancer Patients,93.808
"Heart Disease & Stroke Prevention Program and Diabetes Prevention – State and Local Public Health Actions to Prevent Obesity, Diabetes, and Heart Disease and Stroke",93.813
Partner support for heart disease and stroke prevention,93.814
Domestic Ebola Supplement to the Epidemiology and Laboratory Capacity for Infectious Diseases (ELC).,93.815
Support to the World Health Organization (WHO) for Response to the Ebola Virus Disease Outbreak in Western Africa,93.818
National Laboratory Biosafety for Ebola and Other Highly Infectious Diseases,93.819
Area Health Education Centers Infrastructure Development Awards,93.824
Educating State-level Stakeholders on Strategies to Address Winnable Battles in Public Health,93.827
Interoperability Roadmap: Public/Private Partnership,93.830
"Standards Development Organization Collaboration to Enhance Standards Alignment, Testing, and Measurement",93.831
"ACL Centers for Independent Living, Recovery Act",93.844
National Syndromic Surveillance Program Community of Practice (NSSP CoP),93.852
Microbiology and Infectious Diseases Research,93.856
Measuring Interoperability Progress through Individuals’ Access and Use of  the Electronic Health Data,93.857
Strengthening the Public Health System in US-affiliated Pacific Islands (PPHF),93.861
Assistance for Oral Disease Prevention and Control,93.875
The Reduction of Issuer Burden Through Technology Grant Program and The Health Insurance Enforcement and Consumer Protections Grant Program,93.881
High Impact Pilot Awards,93.882
Standards Exploration Award,93.883
Health Care and Other Facilities,93.887
Specially Selected Health Projects,93.888
Healthy Communities Access Program (HCAP) Demonstration Authority,93.890
Alcohol Research Center Grants,93.891
Family and Community Violence Prevention Program,93.910
Cooperative Agreements for State-Based Comprehensive Breast and Cervical Cancer Early Detection Programs,93.919
National Institutes of Health Acquired Immunodeficiency Syndrome Research Loan Repayment Program,93.936
Cooperative Agreements to Support Comprehensive School Health Programs to Prevent the Spread of HIV and Other Important Health Problems,93.938
"Research, Prevention, and Education Programs on Lyme Disease in the United States",93.942
Trauma Care Systems Planning and Development,93.952
Tribal Recruitment and Retention of Health Professionals into Indian Health Programs,93.954
One-Time Funding in Support of the Vermont All-Payer ACO Model,93.961
Health Administration Traineeships Program,93.962
Prevention and Public Health Fund (PPHF) Public Health Traineeships,93.964
The Zika Health Care Services Program,93.966
National All Schedules Prescription Electronic Reporting Grant,93.975
Increasing Public Awareness and Provider Education about Primary Immunodeficiency Disease,93.980
Market Transparency Project for Health IT Interoperability Services Cooperative Agreement Program,93.983
Assistance for Oral Disease Prevention and Control,93.985
Medicare Access and CHIP Reauthorization Act (MACRA) Funding Opportunity: Measure Development for the Quality Payment Program,93.986
Public Health Research Accreditation Project,93.993
Adolescent Family Life_Demonstration Projects,93.995
Bioterrorism Training and Curriculum Development Program,93.996
National Institute on Aging Contract Projects,93.AG8
National Institute on Aging Intramural Programs,93.AG9
Oral Diseases and Disorders Research - R & D Contracts,93.DE7
Oral Diseases and Disorders Research - Intramural Research,93.DE8
Learn and Serve America_School and Community Based Programs,94.004
Learn and Serve America_Higher Education,94.005
Program Development and Innovation Grants,94.007
Training and Technical Assistance,94.009
Learn and Serve America Innovative Community-Based Service-Learning Programs,94.018
Social Innovation Fund,94.019
Nonprofit Capacity Building,94.022
AmeriCorps VISTA Training & Logistics Support,94.023
Social Innovation Fund Pay for Success,94.024
Operation AmeriCorps,94.025
AmeriCorps VISTA Recruitment Support,94.027
Drug-Free Communities Support Program - National Youth Leadership Initiative,95.008
Drug-Free Communities (DFC) Support Program,95.009
Social Security Economic Recovery Act Payments,96.021
State Domestic Preparedness Equipment Support Program,97.004
State and Local Homeland Security Exercise Support,97.006
FY 2022 Operation Allies Welcome Airport Assistance Grant,97.009
Boating Safety,97.011
State Access to the Oil Spill Liability Trust Fund,97.013
Bridge Alteration,97.014
Secret Service_Training Activities,97.015
Reimbursement for Firefighting on Federal Property,97.016
National Fire Academy Fellowship,97.019
Hazardous Materials Training Program,97.020
Hazardous Materials Assistance Program,97.021
Emergency Management Institute Training Assistance,97.026
Emergency Management Institute (EMI) Independent Study Program,97.027
Emergency Management Institute (EMI) Resident Educational Program,97.028
Cora Brown Fund,97.031
Presidential Declared Disaster Assistance - Disaster Housing Operations for Individuals and Households,97.049
Citizens-Community Resilience Innovation Challenge,97.053
Interoperable Emergency Communications,97.055
Operation Safe Commerce (OSC) Cooperative Agreement Program,97.058
Truck Security Program,97.059
Port Security Research and Development Grant,97.060
Debris Removal Insurance,97.064
Homeland Security Advanced Research Projects Agency,97.065
"Homeland Security Information Technology Research, Testing, Evaluation and Demonstration Program",97.066
Competitive Training Grant,97.068
Aviation Research Grants,97.069
Map Modernization Management Support,97.070
Metropolitan Medical Response System,97.071
National Explosives Detection Canine Team Program,97.072
State Homeland Security Program (SHSP),97.073
Law Enforcement Terrorism Prevention Program (LETPP),97.074
Buffer Zone Protection Program (BZPP),97.078
Public Alert Radios for Schools,97.079
Information Analysis Infrastructure Protection (IAIP) and Critical Infrastructure Monitoring and Protection,97.080
Law Enforcement Training and Technical Assistance,97.081
Hurricane Katrina Case Management Initiative Program,97.084
9/11 Heroes Stamp Program,97.085
"Homeland Security Outreach, Education, and Technical Assistance",97.086
Alternative Housing Pilot Program,97.087
Driver's License Security Grant Program,97.089
Law Enforcement Officer Reimbursement Agreement Program,97.090
Repetitive Flood Claims,97.092
Fire Service Hazardous Materials Preparedness and Response,97.093
Prevention Advocacy Resources and Data Exchange Program,97.094
Safe Kids Worldwide,97.095
Commercial Equipment Direct Assistance Program (CEDAP),97.096
Training Resource and Data Exchange,97.097
Disaster Donations Management Program,97.098
Residential Fire Safety & Fire Sprinkler Initiatives,97.099
Airport Checked Baggage Screening Program,97.100
National Fallen Firefighters Memorial,97.101
Degrees at a Distance Program,97.103
"Homeland Security-related Science, Technology, Engineering and Mathematics (HS STEM) Career Development Program",97.104
Firefighter Health and Safety,97.105
Disaster Housing Assistance Grant,97.109
Severe Repetitive Loss Program,97.110
Border Infrastructure Improvement Projects,97.112
Rail and Transit Security Grant Program (ARRA),97.113
Emergency Food and Shelter National Board Program (ARRA),97.114
Assistance to Firefighters Grant (ARRA),97.115
Port Security Grant Program (ARRA),97.116
TSA Airport Checked Baggage Inspection System Program – (ARRA),97.117
Advanced Surveillance Program (ASP),97.118
2010 Olympics First Responder Training,97.119
Radiological/Nuclear Detection Pilot Evaluations Program,97.121
Bio-Preparedness Collaboratory,97.122
Interoperable Communications and Training Project,97.124
Virginia Operational Integration Cyber Center of Excellence,97.125
National Special Security Event,97.126
Securing Critical Underground Infrastructure Pilot Program,97.129
Preparing for Emerging Threats and Hazards,97.133
